[  {    "type": "get",    "url": "/admin",    "title": "Open Admin panel",    "name": "New_Tag",    "description": "<p>Opens Admin panel, where Admin can see all the Users.</p>",    "group": "Admin",    "permission": [      {        "name": "admin"      }    ],    "parameter": {      "fields": {        "Parameter": [          {            "group": "Parameter",            "type": "Integer",            "optional": false,            "field": "userid",            "description": "<p>User Ids of all Users, except this particular Admin.</p>"          }        ]      }    },    "version": "0.0.0",    "filename": "api/controllers/AdminController.js",    "groupTitle": "Admin"  },  {    "type": "POST",    "url": "/newtag",    "title": "Create a new Tag",    "name": "New_Tag",    "description": "<p>Creates a new tag for the User.</p>",    "group": "Tags",    "permission": [      {        "name": "signed in"      }    ],    "parameter": {      "fields": {        "Parameter": [          {            "group": "Parameter",            "type": "Integer",            "optional": false,            "field": "userid",            "description": "<p>Id of the User.</p>"          },          {            "group": "Parameter",            "type": "String",            "optional": false,            "field": "name",            "description": "<p>Name of new Tag, which should be different from existing Tags.</p>"          }        ]      }    },    "error": {      "fields": {        "Error 4xx": [          {            "group": "Error 4xx",            "optional": false,            "field": "UserNotFound",            "description": "<p>The <code>id</code> of the User was not found.</p>"          },          {            "group": "Error 4xx",            "optional": false,            "field": "NoAccessRight",            "description": "<p>Only signed in users can perform the action.</p>"          },          {            "group": "Error 4xx",            "optional": false,            "field": "AlreadyExists",            "description": "<p>User already has a Tag with <code>name</code></p>"          }        ]      }    },    "version": "0.0.0",    "filename": "api/controllers/TagsController.js",    "groupTitle": "Tags"  },  {    "type": "get",    "url": "/login",    "title": "Show landing page",    "name": "Landing_page",    "description": "<p>Showing landing page, where User can register or sign in.</p>",    "group": "User",    "version": "0.0.0",    "filename": "api/controllers/UserController.js",    "groupTitle": "User"  },  {    "type": "post",    "url": "/login",    "title": "Log in",    "name": "Log_in",    "description": "<p>User logs in, session starts.</p>",    "group": "User",    "parameter": {      "fields": {        "Parameter": [          {            "group": "Parameter",            "type": "String",            "optional": false,            "field": "e-mail",            "description": "<p>User's e-mail address.</p>"          },          {            "group": "Parameter",            "type": "String",            "optional": false,            "field": "password",            "description": "<p>User's password.</p>"          }        ]      }    },    "version": "0.0.0",    "filename": "api/controllers/UserController.js",    "groupTitle": "User"  },  {    "type": "post",    "url": "/login",    "title": "Log in",    "name": "Log_in",    "description": "<p>User logs in, session starts.</p>",    "group": "User",    "parameter": {      "fields": {        "Parameter": [          {            "group": "Parameter",            "type": "String",            "optional": false,            "field": "firstname",            "description": "<p>User's first name.</p>"          },          {            "group": "Parameter",            "type": "String",            "optional": false,            "field": "lastname",            "description": "<p>User's last name.</p>"          },          {            "group": "Parameter",            "type": "String",            "optional": false,            "field": "e-mail",            "description": "<p>User's e-mail address.</p>"          },          {            "group": "Parameter",            "type": "String",            "optional": false,            "field": "password",            "description": "<p>User's password.</p>"          }        ]      }    },    "version": "0.0.0",    "filename": "api/controllers/UserController.js",    "groupTitle": "User"  },  {    "type": "get",    "url": "/logout",    "title": "Log out",    "name": "Log_out",    "description": "<p>User logs out, session ends.</p>",    "group": "User",    "permission": [      {        "name": "signed in"      }    ],    "parameter": {      "fields": {        "Parameter": [          {            "group": "Parameter",            "type": "Integer",            "optional": false,            "field": "userid",            "description": "<p>Id of the User.</p>"          }        ]      }    },    "version": "0.0.0",    "filename": "api/controllers/UserController.js",    "groupTitle": "User"  }]
